,Estimate,Std. Error,t value,Pr(>|t|),aic,N,r_squared,adj_r_squared
(Intercept),1.93136168444383,0.216856687509738,8.90616612576036,1.03065259407357e-14,496.507679804881,116,0.381210478992961,0.370258452072483
AU10,4.59052500346308,0.556736827890138,8.24541286564383,3.33319034470841e-13,,,,
AU12,-1.47859814378723,0.47392586065539,-3.1198933557719,0.00229631282342763,,,,
