"mean","se_mean","sd","2.5%","25%","50%","75%","97.5%","n_eff","Rhat"
1.92437891626104,0.00255383666740602,0.221744037297305,1.49366233209466,1.77557939889843,1.92580028237602,2.0727257101785,2.35300016156847,7539.06807048631,0.999733187575431
-0.0879295894458427,0.007915711835085,0.694192698600607,-1.44911575258514,-0.551891866567789,-0.0859322777277911,0.377573717551089,1.30843153813804,7690.95254503059,0.999669035720504
2.25256975978189,0.00167556878009463,0.150417512457985,1.97768807869849,2.14841031648501,2.24484959999926,2.34650179666012,2.56885991001742,8058.83538771593,1.00024444929605
1.92437891626104,0.00255383666740602,0.221744037297305,1.49366233209466,1.77557939889843,1.92580028237602,2.0727257101785,2.35300016156847,7539.06807048631,0.999733187575431
1.8364493268152,0.00683813279087849,0.655196144520122,0.546444882881404,1.40443759697058,1.84003202135668,2.26764180528931,3.13687960869036,9180.52686825007,0.999668763344155
-150.761441953947,0.0168238747010737,1.2362962583977,-153.939711900043,-151.347683654438,-150.438236853776,-149.851591660121,-149.351911742962,5399.99129021365,1.00069740693811
